path,pixels,bytes
animations/character_select/ironclad/characterselect_ironclad.atlas,,469
animations/character_select/ironclad/characterselect_ironclad.png,3716x2428,6017498
animations/character_select/ironclad/characterselect_ironclad.skel,,50078
animations/character_select/ironclad/characterselect_ironclad_skel_data.tres,,513
animations/characters/ironclad/ironclad.atlas,,4157
animations/characters/ironclad/ironclad.png,1000x269,163713
animations/characters/ironclad/ironclad.skel,,160875
animations/characters/ironclad/ironclad_2.png,632x82,60962
animations/characters/ironclad/ironclad_3.png,260x153,45895
animations/characters/ironclad/ironclad_4.png,17x42,130
animations/characters/ironclad/ironclad_skel_data.tres,,1979
animations/merchant/ironclad/ironclad_merchant_skel_data.tres,,1378
animations/merchant/ironclad/ironclad_shop.atlas,,4735
animations/merchant/ironclad/ironclad_shop.png,1652x657,472387
animations/merchant/ironclad/ironclad_shop_2.png,405x509,176755
animations/merchant/ironclad/ironclad_shop_3.png,552x279,139115
animations/merchant/ironclad/ironclad_shop_4.png,82x30,1537
animations/rest_site/ironclad/rest_site_ironclad_skel_data.tres,,502
animations/rest_site/ironclad/restsite_ironclad.atlas,,721
animations/rest_site/ironclad/restsite_ironclad.png,489x526,154032
animations/rest_site/ironclad/restsite_ironclad.skel,,74188
images/atlases/card_atlas.sprites/ironclad/aggression.tres,,232
images/atlases/card_atlas.sprites/ironclad/anger.tres,,231
images/atlases/card_atlas.sprites/ironclad/armaments.tres,,230
images/atlases/card_atlas.sprites/ironclad/ashen_strike.tres,,232
images/atlases/card_atlas.sprites/ironclad/barricade.tres,,231
images/atlases/card_atlas.sprites/ironclad/bash.tres,,231
images/atlases/card_atlas.sprites/ironclad/battle_trance.tres,,231
images/atlases/card_atlas.sprites/ironclad/beta/cascade.tres,,231
images/atlases/card_atlas.sprites/ironclad/beta/colossus.tres,,230
images/atlases/card_atlas.sprites/ironclad/beta/conflagration.tres,,232
images/atlases/card_atlas.sprites/ironclad/beta/crimson_mantle.tres,,231
images/atlases/card_atlas.sprites/ironclad/beta/demonic_shield.tres,,232
images/atlases/card_atlas.sprites/ironclad/beta/drum_of_battle.tres,,232
images/atlases/card_atlas.sprites/ironclad/beta/fight_me.tres,,232
images/atlases/card_atlas.sprites/ironclad/beta/juggling.tres,,231
images/atlases/card_atlas.sprites/ironclad/beta/not_yet.tres,,232
images/atlases/card_atlas.sprites/ironclad/beta/pillage.tres,,231
images/atlases/card_atlas.sprites/ironclad/beta/spite.tres,,232
images/atlases/card_atlas.sprites/ironclad/beta/tank.tres,,232
images/atlases/card_atlas.sprites/ironclad/beta/unmovable.tres,,231
images/atlases/card_atlas.sprites/ironclad/beta/vicious.tres,,231
images/atlases/card_atlas.sprites/ironclad/blood_wall.tres,,232
images/atlases/card_atlas.sprites/ironclad/bloodletting.tres,,232
images/atlases/card_atlas.sprites/ironclad/bludgeon.tres,,232
images/atlases/card_atlas.sprites/ironclad/body_slam.tres,,233
images/atlases/card_atlas.sprites/ironclad/brand.tres,,232
images/atlases/card_atlas.sprites/ironclad/break.tres,,232
images/atlases/card_atlas.sprites/ironclad/breakthrough.tres,,233
images/atlases/card_atlas.sprites/ironclad/bully.tres,,233
images/atlases/card_atlas.sprites/ironclad/burning_pact.tres,,234
images/atlases/card_atlas.sprites/ironclad/cascade.tres,,233
images/atlases/card_atlas.sprites/ironclad/cinder.tres,,234
images/atlases/card_atlas.sprites/ironclad/colossus.tres,,233
images/atlases/card_atlas.sprites/ironclad/conflagration.tres,,233
images/atlases/card_atlas.sprites/ironclad/corruption.tres,,233
images/atlases/card_atlas.sprites/ironclad/crimson_mantle.tres,,234
images/atlases/card_atlas.sprites/ironclad/cruelty.tres,,233
images/atlases/card_atlas.sprites/ironclad/dark_embrace.tres,,234
images/atlases/card_atlas.sprites/ironclad/defend_ironclad.tres,,234
images/atlases/card_atlas.sprites/ironclad/demon_form.tres,,233
images/atlases/card_atlas.sprites/ironclad/demonic_shield.tres,,234
images/atlases/card_atlas.sprites/ironclad/dismantle.tres,,232
images/atlases/card_atlas.sprites/ironclad/dominate.tres,,233
images/atlases/card_atlas.sprites/ironclad/drum_of_battle.tres,,232
images/atlases/card_atlas.sprites/ironclad/evil_eye.tres,,234
images/atlases/card_atlas.sprites/ironclad/expect_a_fight.tres,,234
images/atlases/card_atlas.sprites/ironclad/feed.tres,,233
images/atlases/card_atlas.sprites/ironclad/feel_no_pain.tres,,233
images/atlases/card_atlas.sprites/ironclad/fiend_fire.tres,,234
images/atlases/card_atlas.sprites/ironclad/fight_me.tres,,234
images/atlases/card_atlas.sprites/ironclad/flame_barrier.tres,,233
images/atlases/card_atlas.sprites/ironclad/forgotten_ritual.tres,,233
images/atlases/card_atlas.sprites/ironclad/havoc.tres,,233
images/atlases/card_atlas.sprites/ironclad/headbutt.tres,,234
images/atlases/card_atlas.sprites/ironclad/hellraiser.tres,,233
images/atlases/card_atlas.sprites/ironclad/hemokinesis.tres,,234
images/atlases/card_atlas.sprites/ironclad/howl_from_beyond.tres,,233
images/atlases/card_atlas.sprites/ironclad/impervious.tres,,232
images/atlases/card_atlas.sprites/ironclad/infernal_blade.tres,,233
images/atlases/card_atlas.sprites/ironclad/inferno.tres,,234
images/atlases/card_atlas.sprites/ironclad/inflame.tres,,234
images/atlases/card_atlas.sprites/ironclad/iron_wave.tres,,234
images/atlases/card_atlas.sprites/ironclad/juggernaut.tres,,234
images/atlases/card_atlas.sprites/ironclad/juggling.tres,,233
images/atlases/card_atlas.sprites/ironclad/limit_break.tres,,233
images/atlases/card_atlas.sprites/ironclad/mangle.tres,,234
images/atlases/card_atlas.sprites/ironclad/molten_fist.tres,,234
images/atlases/card_atlas.sprites/ironclad/not_yet.tres,,234
images/atlases/card_atlas.sprites/ironclad/offering.tres,,233
images/atlases/card_atlas.sprites/ironclad/one_two_punch.tres,,234
images/atlases/card_atlas.sprites/ironclad/pacts_end.tres,,233
images/atlases/card_atlas.sprites/ironclad/perfected_strike.tres,,233
images/atlases/card_atlas.sprites/ironclad/pillage.tres,,234
images/atlases/card_atlas.sprites/ironclad/pommel_strike.tres,,234
images/atlases/card_atlas.sprites/ironclad/primal_force.tres,,234
images/atlases/card_atlas.sprites/ironclad/pyre.tres,,232
images/atlases/card_atlas.sprites/ironclad/rage.tres,,233
images/atlases/card_atlas.sprites/ironclad/rampage.tres,,234
images/atlases/card_atlas.sprites/ironclad/rupture.tres,,234
images/atlases/card_atlas.sprites/ironclad/second_wind.tres,,234
images/atlases/card_atlas.sprites/ironclad/setup_strike.tres,,233
images/atlases/card_atlas.sprites/ironclad/shrug_it_off.tres,,233
images/atlases/card_atlas.sprites/ironclad/spite.tres,,234
images/atlases/card_atlas.sprites/ironclad/stampede.tres,,234
images/atlases/card_atlas.sprites/ironclad/stoke.tres,,234
images/atlases/card_atlas.sprites/ironclad/stomp.tres,,233
images/atlases/card_atlas.sprites/ironclad/stone_armor.tres,,233
images/atlases/card_atlas.sprites/ironclad/strike_ironclad.tres,,233
images/atlases/card_atlas.sprites/ironclad/sword_boomerang.tres,,234
images/atlases/card_atlas.sprites/ironclad/tank.tres,,233
images/atlases/card_atlas.sprites/ironclad/taunt.tres,,233
images/atlases/card_atlas.sprites/ironclad/tear_asunder.tres,,234
images/atlases/card_atlas.sprites/ironclad/thrash.tres,,234
images/atlases/card_atlas.sprites/ironclad/thunderclap.tres,,233
images/atlases/card_atlas.sprites/ironclad/tremble.tres,,233
images/atlases/card_atlas.sprites/ironclad/true_grit.tres,,233
images/atlases/card_atlas.sprites/ironclad/twin_strike.tres,,234
images/atlases/card_atlas.sprites/ironclad/unmovable.tres,,234
images/atlases/card_atlas.sprites/ironclad/unrelenting.tres,,234
images/atlases/card_atlas.sprites/ironclad/uppercut.tres,,234
images/atlases/card_atlas.sprites/ironclad/vicious.tres,,234
images/atlases/card_atlas.sprites/ironclad/whirlwind.tres,,234
images/atlases/relic_atlas.sprites/yummy_cookie_ironclad.tres,,259
images/atlases/relic_outline_atlas.sprites/yummy_cookie_ironclad.tres,,266
images/atlases/ui_atlas.sprites/card/energy_ironclad.tres,,230
images/atlases/ui_atlas.sprites/map/icons/map_marker_ironclad.tres,,256
images/packed/achievements/unlocked/character_skill_ironclad1.png,160x160,28275
images/packed/achievements/unlocked/character_skill_ironclad2.png,160x160,33160
images/packed/achievements/unlocked/ironclad_win.png,160x160,33962
images/packed/card_portraits/ironclad/aggression.png,1000x760,246542
images/packed/card_portraits/ironclad/anger.png,1000x760,377408
images/packed/card_portraits/ironclad/armaments.png,1000x760,320384
images/packed/card_portraits/ironclad/ashen_strike.png,1000x760,422173
images/packed/card_portraits/ironclad/barricade.png,1000x760,421684
images/packed/card_portraits/ironclad/bash.png,1000x760,312779
images/packed/card_portraits/ironclad/battle_trance.png,1000x760,417504
images/packed/card_portraits/ironclad/beta/cascade.png,668x508,64716
images/packed/card_portraits/ironclad/beta/colossus.png,1000x760,13798
images/packed/card_portraits/ironclad/beta/conflagration.png,668x508,13962
images/packed/card_portraits/ironclad/beta/crimson_mantle.png,668x508,9473
images/packed/card_portraits/ironclad/beta/demonic_shield.png,668x508,57645
images/packed/card_portraits/ironclad/beta/drum_of_battle.png,1000x760,67325
images/packed/card_portraits/ironclad/beta/fight_me.png,668x508,17058
images/packed/card_portraits/ironclad/beta/juggling.png,1000x760,42436
images/packed/card_portraits/ironclad/beta/not_yet.png,1000x760,498268
images/packed/card_portraits/ironclad/beta/pillage.png,668x508,41163
images/packed/card_portraits/ironclad/beta/spite.png,668x508,220529
images/packed/card_portraits/ironclad/beta/tank.png,668x508,59579
images/packed/card_portraits/ironclad/beta/unmovable.png,668x508,11733
images/packed/card_portraits/ironclad/beta/vicious.png,668x508,15887
images/packed/card_portraits/ironclad/blood_wall.png,1000x760,329595
images/packed/card_portraits/ironclad/bloodletting.png,1000x760,237348
images/packed/card_portraits/ironclad/bludgeon.png,1000x760,324153
images/packed/card_portraits/ironclad/body_slam.png,1000x760,427595
images/packed/card_portraits/ironclad/brand.png,1000x760,595487
images/packed/card_portraits/ironclad/break.png,606x852,318676
images/packed/card_portraits/ironclad/breakthrough.png,1000x760,524213
images/packed/card_portraits/ironclad/bully.png,1000x760,342791
images/packed/card_portraits/ironclad/burning_pact.png,1000x760,366518
images/packed/card_portraits/ironclad/cascade.png,1000x760,245414
images/packed/card_portraits/ironclad/cinder.png,1000x760,503133
images/packed/card_portraits/ironclad/colossus.png,1000x760,311880
images/packed/card_portraits/ironclad/conflagration.png,1000x760,448614
images/packed/card_portraits/ironclad/corruption.png,606x852,176929
images/packed/card_portraits/ironclad/crimson_mantle.png,1000x760,441428
images/packed/card_portraits/ironclad/cruelty.png,1000x760,440659
images/packed/card_portraits/ironclad/dark_embrace.png,1000x760,299228
images/packed/card_portraits/ironclad/defend_ironclad.png,1000x760,349797
images/packed/card_portraits/ironclad/demon_form.png,1000x760,411330
images/packed/card_portraits/ironclad/demonic_shield.png,1000x760,444467
images/packed/card_portraits/ironclad/dismantle.png,1000x760,388828
images/packed/card_portraits/ironclad/dominate.png,1000x760,286293
images/packed/card_portraits/ironclad/drum_of_battle.png,1000x760,291416
images/packed/card_portraits/ironclad/evil_eye.png,1000x760,393687
images/packed/card_portraits/ironclad/expect_a_fight.png,1000x760,303948
images/packed/card_portraits/ironclad/feed.png,1000x760,382631
images/packed/card_portraits/ironclad/feel_no_pain.png,1000x760,320844
images/packed/card_portraits/ironclad/fiend_fire.png,1000x760,230470
images/packed/card_portraits/ironclad/fight_me.png,1000x760,390666
images/packed/card_portraits/ironclad/flame_barrier.png,1000x760,303102
images/packed/card_portraits/ironclad/forgotten_ritual.png,1000x760,397323
images/packed/card_portraits/ironclad/havoc.png,1000x760,288345
images/packed/card_portraits/ironclad/headbutt.png,1000x760,500117
images/packed/card_portraits/ironclad/hellraiser.png,1000x760,586625
images/packed/card_portraits/ironclad/hemokinesis.png,1000x760,408277
images/packed/card_portraits/ironclad/howl_from_beyond.png,1000x760,251671
images/packed/card_portraits/ironclad/impervious.png,1000x760,473178
images/packed/card_portraits/ironclad/infernal_blade.png,1000x760,413380
images/packed/card_portraits/ironclad/inferno.png,1000x760,325215
images/packed/card_portraits/ironclad/inflame.png,1000x760,298234
images/packed/card_portraits/ironclad/iron_wave.png,1000x760,326993
images/packed/card_portraits/ironclad/juggernaut.png,1000x760,472068
images/packed/card_portraits/ironclad/juggling.png,1000x760,408607
images/packed/card_portraits/ironclad/limit_break.png,606x852,181454
images/packed/card_portraits/ironclad/mangle.png,1000x760,339872
images/packed/card_portraits/ironclad/molten_fist.png,1000x760,361486
images/packed/card_portraits/ironclad/not_yet.png,1000x760,495083
images/packed/card_portraits/ironclad/offering.png,1000x760,387813
images/packed/card_portraits/ironclad/one_two_punch.png,1000x760,429934
images/packed/card_portraits/ironclad/pacts_end.png,1000x760,493184
images/packed/card_portraits/ironclad/perfected_strike.png,1000x760,299883
images/packed/card_portraits/ironclad/pillage.png,1000x760,291340
images/packed/card_portraits/ironclad/pommel_strike.png,1000x760,247344
images/packed/card_portraits/ironclad/primal_force.png,1000x760,397397
images/packed/card_portraits/ironclad/pyre.png,1000x760,406655
images/packed/card_portraits/ironclad/rage.png,1000x760,299454
images/packed/card_portraits/ironclad/rampage.png,1000x760,387127
images/packed/card_portraits/ironclad/rupture.png,1000x760,464556
images/packed/card_portraits/ironclad/second_wind.png,1000x760,345202
images/packed/card_portraits/ironclad/setup_strike.png,1000x760,435481
images/packed/card_portraits/ironclad/shrug_it_off.png,1000x760,379914
images/packed/card_portraits/ironclad/spite.png,1000x760,389640
images/packed/card_portraits/ironclad/stampede.png,1000x760,422819
images/packed/card_portraits/ironclad/stoke.png,1000x760,331894
images/packed/card_portraits/ironclad/stomp.png,1000x760,336327
images/packed/card_portraits/ironclad/stone_armor.png,1000x760,320198
images/packed/card_portraits/ironclad/strike_ironclad.png,1000x760,282282
images/packed/card_portraits/ironclad/sword_boomerang.png,1000x760,272456
images/packed/card_portraits/ironclad/tank.png,1000x760,332438
images/packed/card_portraits/ironclad/taunt.png,1000x760,389422
images/packed/card_portraits/ironclad/tear_asunder.png,1000x760,461627
images/packed/card_portraits/ironclad/thrash.png,1000x760,438417
images/packed/card_portraits/ironclad/thunderclap.png,1000x760,339711
images/packed/card_portraits/ironclad/tremble.png,1000x760,336731
images/packed/card_portraits/ironclad/true_grit.png,1000x760,234402
images/packed/card_portraits/ironclad/twin_strike.png,1000x760,323217
images/packed/card_portraits/ironclad/unmovable.png,1000x760,455202
images/packed/card_portraits/ironclad/unrelenting.png,1000x760,666978
images/packed/card_portraits/ironclad/uppercut.png,1000x760,332713
images/packed/card_portraits/ironclad/vicious.png,1000x760,384441
images/packed/card_portraits/ironclad/whirlwind.png,1000x760,368777
images/packed/character_select/char_select_ironclad.png,132x195,29867
images/packed/character_select/char_select_ironclad_locked.png,132x195,3957
images/packed/map/icons/map_marker_ironclad.png,49x64,3950
images/packed/sprite_fonts/ironclad_energy_icon.png,24x24,1435
images/relics/yummy_cookie_ironclad.png,256x256,52508
images/timeline/epoch_portraits/ironclad2_epoch.png,833x533,365519
images/timeline/epoch_portraits/ironclad3_epoch.png,810x500,473446
images/timeline/epoch_portraits/placeholder/ironclad4_epoch.png,810x500,425950
images/timeline/epoch_portraits/placeholder/ironclad5_epoch.png,864x533,203353
images/timeline/epoch_portraits/placeholder/ironclad6_epoch.png,648x400,204895
images/timeline/epoch_portraits/placeholder/ironclad7_epoch.png,810x500,147567
images/ui/combat/energy_counters/ironclad/ironclad_orb_layer_1.png,256x256,11015
images/ui/combat/energy_counters/ironclad/ironclad_orb_layer_2.png,256x256,10590
images/ui/combat/energy_counters/ironclad/ironclad_orb_layer_3.png,256x256,9725
images/ui/combat/energy_counters/ironclad/ironclad_orb_layer_4.png,256x256,29517
images/ui/combat/energy_counters/ironclad/ironclad_orb_layer_5.png,256x256,37915
images/ui/hands/multiplayer_hand_ironclad_paper.png,422x1200,303631
images/ui/hands/multiplayer_hand_ironclad_point.png,422x1200,284086
images/ui/hands/multiplayer_hand_ironclad_rock.png,422x1200,276251
images/ui/hands/multiplayer_hand_ironclad_scissors.png,422x1200,290416
images/ui/top_panel/character_icon_ironclad.png,88x88,8419
images/ui/top_panel/character_icon_ironclad_outline.png,88x88,1150
images/ui/transitions/ironclad_transition.png,2560x1200,121482
images/vfx/characters/ironclad_slash_base.png,80x240,9962
materials/transitions/ironclad_transition_mat.tres,,807
scenes/combat/energy_counters/ironclad_energy_counter.tscn,,4996
scenes/creature_visuals/ironclad.tscn,,2701
scenes/merchant/characters/ironclad_merchant.tscn,,661
scenes/rest_site/characters/ironclad_rest_site.tscn,,1751
scenes/screens/char_select/char_select_bg_ironclad.tscn,,11100
scenes/ui/character_icons/ironclad_icon.tscn,,418
scenes/vfx/card_trail_ironclad.tscn,,4909
scenes/vfx/energy/ironclad/ironclad_energy_vfx_back.tscn,,1475
scenes/vfx/energy/ironclad/ironclad_energy_vfx_front.tscn,,9324
